WT residue type,chain ID,Residue #,G,A,V,L,I,M,F,W,P,S,T,C,Y,N,Q,D,E,K,R,H
Q,A,2491,3.13771,1.39808,0.33288,-1.15568,2.07215,-1.40878,8.79745,11.07292,5.09969,1.54856,2.17304,1.52264,7.01807,2.05899,-0.12462,3.97233,2.21082,2.02904,2.1602,6.28524
R,A,2520,0.71581,0.51637,0.80905,0.37975,0.58686,-0.11299,0.47428,0.86324,0.11234,0.69102,0.73092,0.70797,0.70585,0.7465,0.49035,0.56643,0.09751,0.00266,-0.03727,0.27194
S,A,2533,0.09977,-0.15994,-0.71202,-0.95545,-1.21141,-1.66877,-1.29724,-0.46096,0.81996,-0.0005,-0.40476,-0.61786,-1.40616,-0.19194,-0.74554,0.11077,-0.04179,-0.53672,-0.39774,-0.47267
Q,A,2561,1.11141,0.08628,-0.73849,-0.66049,-0.14354,-0.6663,-0.73605,0.36147,0.79843,0.83876,-0.39912,0.16357,-0.40216,0.80647,-0.02047,1.1123,0.49086,-0.08414,-0.14214,0.34464
D,A,2566,0.33752,-0.40696,0.19644,-0.57331,-0.09448,-0.86479,-0.32375,-0.26938,-0.28873,0.01225,0.45163,0.07003,-0.46458,0.03965,-0.13491,-0.00369,-0.23992,-0.54971,-0.41737,0.14357
E,A,2650,3.38084,1.75153,1.05151,0.76305,0.14078,0.37703,2.10489,2.88233,0.15741,2.71497,2.06747,2.15598,2.20433,2.23141,1.14931,1.54055,-0.00014,1.27942,1.78413,4.25714
V,A,2687,4.45736,2.9017,0.00261,1.64165,0.28955,1.58651,6.95586,7.86212,5.33862,3.77492,2.54846,1.85696,8.56667,3.07528,3.78169,4.19999,4.80161,4.96651,6.15866,4.06523
T,A,2790,2.12322,0.70091,-0.76322,-1.29614,-0.96973,-1.35497,-0.25172,-1.55529,5.37251,1.20249,0.00486,0.97433,-0.52945,0.96153,0.26413,-0.09904,-0.68666,1.06553,1.50134,2.24521
P,A,2800,3.42293,2.02713,5.08738,7.50628,5.55976,3.93296,13.36316,14.18078,-0.00062,3.9127,3.82356,3.81314,13.21266,7.3893,6.52658,6.08577,3.90062,6.50007,8.25165,12.49442
R,A,2896,1.07161,0.99098,2.27988,0.88813,1.40663,0.19371,0.55606,0.70616,1.76274,0.77453,1.14103,1.64393,1.41457,1.17054,1.16893,2.27479,1.16921,0.24725,-0.12287,0.75803
Q,A,3036,2.56268,0.73307,0.07307,-0.47162,-0.44176,-0.47757,-0.25311,-0.39458,3.93618,1.0591,0.62169,0.48535,-0.16977,0.37915,-0.011,0.15027,-0.19448,-0.19626,0.144,0.62225
P,A,3039,1.78328,1.43929,1.62633,1.56772,1.6798,1.53667,1.48453,1.46265,-0.00041,1.55548,1.60896,1.85829,1.56387,1.87342,1.62318,1.41357,1.03178,1.55568,1.49552,1.82329
