WT residue type,chain ID,Residue #,G,V,L,I,M,F,W,P,S,T,C,Y,N,Q,D,E,K,R,H,A
Q,A,2491,0.69563,-1.45235,-1.75263,-1.85791,-1.80458,3.64435,7.80649,4.01308,0.39939,-0.33579,-0.07321,6.5402,0.39508,-0.10683,2.66323,2.33481,-0.25606,2.843,2.94415,-0.96973
E,A,2650,-0.44313,1.17285,0.32988,0.99889,-0.17827,1.03479,1.35063,5.84782,0.12028,0.2452,0.62542,0.99345,0.18351,0.42044,0.29999,-0.01786,0.42078,0.28666,1.18268,1.85829
V,A,2687,0.50025,-0.04436,-0.14076,0.00403,-0.65454,1.21282,3.13317,1.65792,0.56483,0.73537,-0.19292,1.95389,0.3384,1.15038,0.95035,1.00003,2.53249,2.53572,2.04835,1.11141
T,A,2790,0.41588,-0.08729,-0.87458,-0.35465,-0.9135,-0.61443,-0.33004,2.21822,0.09777,-0.01004,-0.13387,-0.4127,-0.21136,-0.09514,-0.25595,-0.22358,-0.21814,0.25002,0.29476,1.78413
P,A,2800,0.89839,1.82085,0.92501,1.758,0.81492,1.85073,2.0423,-0.01256,1.44279,1.91021,1.57348,1.94895,1.77314,1.64075,1.48021,1.28266,1.40876,1.69826,2.76043,6.52658
R,A,2896,-0.21192,1.33749,-0.15717,1.0162,-0.35552,0.55989,0.87719,4.69117,0.32831,1.19228,0.47511,0.75853,0.51707,-0.0541,0.75466,0.09479,-0.17663,-0.03786,0.85085,0.27194
Q,A,3036,0.17967,0.10927,-0.70008,-0.33794,-0.82742,-0.56862,-0.50582,1.55246,0.28264,0.3945,0.11425,-0.33349,0.34953,-0.00604,0.03441,-0.17068,-0.24311,-0.01749,0.526,2.02713
